id,vid,token,vtoken,lctoken,freq,loglik,logfreq,llrank,freqrank,idbrac10,idbrac50,idbrac100,vidbrac10,vidbrac50,vidbrac100,freqbrac10,freqbrac50,freqbrac100,llbrac10,llbrac50,llbrac100
0,0,Project,Project,project,1,-8.74,0.0,136,0,0,0,0,0,0,0,0,0,0,9,45,90
0,"", ,"","",0,"",-Infinity,"","",0,0,0,0,0,0,0,0,0,0,0,0
1,1,Gutenberg,Gutenberg,gutenberg,1,-12.24,0.0,9,1,0,0,0,0,0,0,0,0,0,0,3,6
1,"",',"","",0,"",-Infinity,"","",0,0,0,0,0,0,0,0,0,0,0,0
2,2,s,s,s,3,-41.46,1.0986122886681098,83,130,0,0,0,0,0,0,8,43,86,5,27,55
2,"", ,"","",0,"",-Infinity,"","",0,0,0,0,0,0,0,0,0,0,0,0
3,3,Alice,Alice,alice,6,-73.34,1.791759469228055,91,143,0,0,1,0,0,1,9,47,95,6,30,60
3,"",',"","",0,"",-Infinity,"","",0,0,1,0,0,0,0,0,0,0,0,0
4,4,s,s,s,3,-41.46,1.0986122886681098,83,130,0,0,1,0,0,1,8,43,86,5,27,55
4,"", ,"","",0,"",-Infinity,"","",0,0,1,0,0,0,0,0,0,0,0,0
5,5,Adventures,Adventures,adventures,2,-20.48,0.6931471805599453,62,119,0,0,1,0,0,1,7,39,79,4,20,41
5,"", ,"","",0,"",-Infinity,"","",0,0,1,0,0,0,0,0,0,0,0,0
6,6,in,in,in,6,-86.29,1.791759469228055,142,144,0,1,2,0,1,2,9,48,96,9,47,94
6,"", ,"","",0,"",-Infinity,"","",0,1,2,0,0,0,0,0,0,0,0,0
7,7,Wonderland,Wonderland,wonderland,2,-22.67,0.6931471805599453,67,107,0,1,2,0,1,2,7,35,71,4,22,44
7,"",", ","","",0,"",-Infinity,"","",0,1,2,0,0,0,0,0,0,0,0,0
8,8,by,by,by,3,-49.98,1.0986122886681098,87,133,0,1,2,0,1,2,8,44,88,5,29,58
8,"", ,"","",0,"",-Infinity,"","",0,1,2,0,0,0,0,0,0,0,0,0
9,9,Lewis,Lewis,lewis,2,-20.06,0.6931471805599453,61,108,0,1,3,0,1,3,7,36,72,4,20,40
9,"", ,"","",0,"",-Infinity,"","",0,1,3,0,0,0,0,0,0,0,0,0
10,10,Carroll,Carroll,carroll,2,-22.37,0.6931471805599453,66,113,0,1,3,0,1,3,7,37,75,4,22,44
10,"","

","","",0,"",-Infinity,"","",0,1,3,0,0,0,0,0,0,0,0,0
11,11,ALICE,ALICE,alice,6,-73.34,1.791759469228055,91,143,0,1,3,0,1,3,9,47,95,6,30,60
11,"",',"","",0,"",-Infinity,"","",0,1,3,0,0,0,0,0,0,0,0,0
12,12,S,S,s,3,-41.46,1.0986122886681098,83,130,0,2,4,0,2,4,8,43,86,5,27,55
12,"", ,"","",0,"",-Infinity,"","",0,2,4,0,0,0,0,0,0,0,0,0
13,13,ADVENTURES,ADVENTURES,adventures,2,-20.48,0.6931471805599453,62,119,0,2,4,0,2,4,7,39,79,4,20,41
13,"", ,"","",0,"",-Infinity,"","",0,2,4,0,0,0,0,0,0,0,0,0
14,14,IN,IN,in,6,-86.29,1.791759469228055,142,144,0,2,4,0,2,4,9,48,96,9,47,94
14,"", ,"","",0,"",-Infinity,"","",0,2,4,0,0,0,0,0,0,0,0,0
15,15,WONDERLAND,WONDERLAND,wonderland,2,-22.67,0.6931471805599453,67,107,0,2,5,0,2,5,7,35,71,4,22,44
15,"","

","","",0,"",-Infinity,"","",0,2,5,0,0,0,0,0,0,0,0,0
16,16,Lewis,Lewis,lewis,2,-20.06,0.6931471805599453,61,108,0,2,5,0,2,5,7,36,72,4,20,40
16,"", ,"","",0,"",-Infinity,"","",0,2,5,0,0,0,0,0,0,0,0,0
17,17,Carroll,Carroll,carroll,2,-22.37,0.6931471805599453,66,113,0,2,5,0,2,5,7,37,75,4,22,44
17,"","

","","",0,"",-Infinity,"","",0,2,5,0,0,0,0,0,0,0,0,0
18,18,THE,THE,the,15,-264.07,2.70805020110221,70,103,0,3,6,0,3,6,6,34,68,4,23,46
18,"", ,"","",0,"",-Infinity,"","",0,3,6,0,0,0,0,0,0,0,0,0
19,19,MILLENNIUM,MILLENNIUM,millennium,1,-9.55,0.0,148,11,0,3,6,0,3,6,0,3,7,9,49,98
19,"", ,"","",0,"",-Infinity,"","",0,3,6,0,0,0,0,0,0,0,0,0
20,20,FULCRUM,FULCRUM,fulcrum,1,-14.44,0.0,26,12,0,3,6,0,3,6,0,4,8,1,8,17
20,"", ,"","",0,"",-Infinity,"","",0,3,6,0,0,0,0,0,0,0,0,0
21,21,EDITION,EDITION,edition,1,-17.08,0.0,52,13,0,3,7,0,3,7,0,4,8,3,17,34
21,"", ,"","",0,"",-Infinity,"","",0,3,7,0,0,0,0,0,0,0,0,0
22,22,3,3,3,1,-8.74,0.0,135,14,0,3,7,0,3,7,0,4,9,9,45,90
22,"",.,"","",0,"",-Infinity,"","",0,3,7,0,0,0,0,0,0,0,0,0
23,23,0,0,0,1,-8.89,0.0,141,15,0,4,8,0,4,8,1,5,10,9,47,94
23,"","




","","",0,"",-Infinity,"","",0,4,8,0,0,0,0,0,0,0,0,0
24,24,CHAPTER,CHAPTER,chapter,1,-16.03,0.0,35,16,0,4,8,0,4,8,1,5,10,2,11,23
24,"", ,"","",0,"",-Infinity,"","",0,4,8,0,0,0,0,0,0,0,0,0
25,25,I,I,i,2,-28.88,0.6931471805599453,73,116,0,4,8,0,4,8,7,38,77,4,24,48
25,"",. ,"","",0,"",-Infinity,"","",0,4,8,0,0,0,0,0,0,0,0,0
26,26,Down,Down,down,2,-23.34,0.6931471805599453,68,120,0,4,9,0,4,9,8,40,80,4,22,45
26,"", ,"","",0,"",-Infinity,"","",0,4,9,0,0,0,0,0,0,0,0,0
27,27,the,the,the,15,-264.07,2.70805020110221,70,103,0,4,9,0,4,9,6,34,68,4,23,46
27,"", ,"","",0,"",-Infinity,"","",0,4,9,0,0,0,0,0,0,0,0,0
28,28,Rabbit,Rabbit,rabbit,6,-110.09,1.791759469228055,7,142,0,4,9,0,4,9,9,47,94,0,2,4
28,"",-,"","",0,"",-Infinity,"","",0,4,9,0,0,0,0,0,0,0,0,0
29,29,Hole,Hole,hole,2,-27.64,0.6931471805599453,71,122,1,5,10,1,5,10,8,40,81,4,23,47
29,"","

","","",0,"",-Infinity,"","",1,5,10,0,0,0,0,0,0,0,0,0
30,30,Alice,Alice,alice,6,-73.34,1.791759469228055,91,143,1,5,10,1,5,10,9,47,95,6,30,60
30,"", ,"","",0,"",-Infinity,"","",1,5,10,0,0,0,0,0,0,0,0,0
31,31,was,was,was,5,-77.34,1.6094379124341003,94,141,1,5,10,1,5,10,9,47,94,6,31,62
31,"", ,"","",0,"",-Infinity,"","",1,5,10,0,0,0,0,0,0,0,0,0
32,32,beginning,beginning,beginning,1,-8.64,0.0,99,22,1,5,11,1,5,11,1,7,14,6,33,66
32,"", ,"","",0,"",-Infinity,"","",1,5,11,0,0,0,0,0,0,0,0,0
33,33,to,to,to,9,-158.44,2.1972245773362196,32,150,1,5,11,1,5,11,10,50,100,2,10,21
33,"", ,"","",0,"",-Infinity,"","",1,5,11,0,0,0,0,0,0,0,0,0
34,34,get,get,get,1,-8.64,0.0,96,24,1,5,11,1,5,11,1,8,16,6,32,64
34,"", ,"","",0,"",-Infinity,"","",1,5,11,0,0,0,0,0,0,0,0,0
35,35,very,very,very,4,-74.39,1.3862943611198906,93,140,1,6,12,1,6,12,9,46,93,6,31,62
35,"", ,"","",0,"",-Infinity,"","",1,6,12,0,0,0,0,0,0,0,0,0
36,36,tired,tired,tired,1,-8.66,0.0,130,26,1,6,12,1,6,12,1,8,17,8,43,86
36,"", ,"","",0,"",-Infinity,"","",1,6,12,0,0,0,0,0,0,0,0,0
37,37,of,of,of,8,-132.92,2.0794415416798357,22,146,1,6,12,1,6,12,9,48,97,1,7,14
37,"", ,"","",0,"",-Infinity,"","",1,6,12,0,0,0,0,0,0,0,0,0
38,38,sitting,sitting,sitting,1,-8.72,0.0,134,28,1,6,13,1,6,13,1,9,18,8,44,89
38,"", ,"","",0,"",-Infinity,"","",1,6,13,0,0,0,0,0,0,0,0,0
39,39,by,by,by,3,-49.98,1.0986122886681098,87,133,1,6,13,1,6,13,8,44,88,5,29,58
39,"", ,"","",0,"",-Infinity,"","",1,6,13,0,0,0,0,0,0,0,0,0
40,40,her,her,her,8,-101.76,2.0794415416798357,5,147,1,6,13,1,6,13,9,49,98,0,1,3
40,"", ,"","",0,"",-Infinity,"","",1,6,13,0,0,0,0,0,0,0,0,0
41,41,sister,sister,sister,2,-35.88,0.6931471805599453,77,125,1,7,14,1,7,14,8,41,83,5,25,51
41,"", ,"","",0,"",-Infinity,"","",1,7,14,0,0,0,0,0,0,0,0,0
42,42,on,on,on,2,-28.88,0.6931471805599453,75,126,1,7,14,1,7,14,8,42,84,5,25,50
42,"", ,"","",0,"",-Infinity,"","",1,7,14,0,0,0,0,0,0,0,0,0
43,43,the,the,the,15,-264.07,2.70805020110221,70,103,1,7,15,1,7,15,6,34,68,4,23,46
43,"","
","","",0,"",-Infinity,"","",1,7,15,0,0,0,0,0,0,0,0,0
44,44,bank,bank,bank,1,-9.32,0.0,146,32,1,7,15,1,7,15,2,10,21,9,48,97
44,"",", ","","",0,"",-Infinity,"","",1,7,15,0,0,0,0,0,0,0,0,0
45,45,and,and,and,8,-143.51,2.0794415416798357,30,148,1,7,15,1,7,15,9,49,98,2,10,20
45,"", ,"","",0,"",-Infinity,"","",1,7,15,0,0,0,0,0,0,0,0,0
46,46,of,of,of,8,-132.92,2.0794415416798357,22,146,1,8,16,1,8,16,9,48,97,1,7,14
46,"", ,"","",0,"",-Infinity,"","",1,8,16,0,0,0,0,0,0,0,0,0
47,47,having,having,having,1,-17.08,0.0,49,34,1,8,16,1,8,16,2,11,22,3,16,32
47,"", ,"","",0,"",-Infinity,"","",1,8,16,0,0,0,0,0,0,0,0,0
48,48,nothing,nothing,nothing,2,-20.02,0.6931471805599453,58,128,1,8,16,1,8,16,8,42,85,3,19,38
48,"", ,"","",0,"",-Infinity,"","",1,8,16,0,0,0,0,0,0,0,0,0
49,49,to,to,to,9,-158.44,2.1972245773362196,32,150,1,8,17,1,8,17,10,50,100,2,10,21
49,"", ,"","",0,"",-Infinity,"","",1,8,17,0,0,0,0,0,0,0,0,0
50,50,do,do,do,1,-8.64,0.0,115,36,1,8,17,1,8,17,2,12,24,7,38,76
50,"",: ,"","",0,"",-Infinity,"","",1,8,17,0,0,0,0,0,0,0,0,0
51,51,once,once,once,1,-17.08,0.0,42,37,1,8,17,1,8,17,2,12,24,2,14,28
51,"", ,"","",0,"",-Infinity,"","",1,8,17,0,0,0,0,0,0,0,0,0
52,52,or,or,or,4,-74.39,1.3862943611198906,92,139,1,9,18,1,9,18,9,46,92,6,30,61
52,"", ,"","",0,"",-Infinity,"","",1,9,18,0,0,0,0,0,0,0,0,0
53,53,twice,twice,twice,1,-17.08,0.0,39,39,1,9,18,1,9,18,2,13,26,2,13,26
53,"", ,"","",0,"",-Infinity,"","",1,9,18,0,0,0,0,0,0,0,0,0
54,54,she,she,she,7,-119.53,1.9459101490553132,8,145,1,9,18,1,9,18,9,48,96,0,2,5
54,"", ,"","",0,"",-Infinity,"","",1,9,18,0,0,0,0,0,0,0,0,0
55,55,had,had,had,3,-32.42,1.0986122886681098,76,137,1,9,19,1,9,19,9,45,91,5,25,50
55,"", ,"","",0,"",-Infinity,"","",1,9,19,0,0,0,0,0,0,0,0,0
56,56,peeped,peeped,peeped,1,-10.4,0.0,2,42,1,9,19,1,9,19,2,14,28,0,0,1
56,"", ,"","",0,"",-Infinity,"","",1,9,19,0,0,0,0,0,0,0,0,0
57,57,into,into,into,1,-16.03,0.0,36,43,1,9,19,1,9,19,2,14,28,2,12,24
57,"", ,"","",0,"",-Infinity,"","",1,9,19,0,0,0,0,0,0,0,0,0
58,58,the,the,the,15,-264.07,2.70805020110221,70,103,2,10,20,2,10,20,6,34,68,4,23,46
58,"","
","","",0,"",-Infinity,"","",2,10,20,0,0,0,0,0,0,0,0,0
59,59,book,book,book,2,-20.75,0.6931471805599453,63,121,2,10,20,2,10,20,8,40,80,4,21,42
59,"", ,"","",0,"",-Infinity,"","",2,10,20,0,0,0,0,0,0,0,0,0
60,60,her,her,her,8,-101.76,2.0794415416798357,5,147,2,10,20,2,10,20,9,49,98,0,1,3
60,"", ,"","",0,"",-Infinity,"","",2,10,20,0,0,0,0,0,0,0,0,0
61,61,sister,sister,sister,2,-35.88,0.6931471805599453,77,125,2,10,21,2,10,21,8,41,83,5,25,51
61,"", ,"","",0,"",-Infinity,"","",2,10,21,0,0,0,0,0,0,0,0,0
62,62,was,was,was,5,-77.34,1.6094379124341003,94,141,2,10,21,2,10,21,9,47,94,6,31,62
62,"", ,"","",0,"",-Infinity,"","",2,10,21,0,0,0,0,0,0,0,0,0
63,63,reading,reading,reading,1,-8.82,0.0,139,45,2,11,22,2,11,22,3,15,30,9,46,92
63,"",", ","","",0,"",-Infinity,"","",2,11,22,0,0,0,0,0,0,0,0,0
64,64,but,but,but,3,-39.25,1.0986122886681098,82,138,2,11,22,2,11,22,9,46,92,5,27,54
64,"", ,"","",0,"",-Infinity,"","",2,11,22,0,0,0,0,0,0,0,0,0
65,65,it,it,it,11,-211.44,2.3978952727983707,65,102,2,11,22,2,11,22,6,34,68,4,21,43
65,"", ,"","",0,"",-Infinity,"","",2,11,22,0,0,0,0,0,0,0,0,0
66,66,had,had,had,3,-32.42,1.0986122886681098,76,137,2,11,23,2,11,23,9,45,91,5,25,50
66,"", ,"","",0,"",-Infinity,"","",2,11,23,0,0,0,0,0,0,0,0,0
67,67,no,no,no,1,-13.15,0.0,13,48,2,11,23,2,11,23,3,16,32,0,4,8
67,"", ,"","",0,"",-Infinity,"","",2,11,23,0,0,0,0,0,0,0,0,0
68,68,pictures,pictures,pictures,2,-35.88,0.6931471805599453,78,118,2,11,23,2,11,23,7,39,78,5,26,52
68,"", ,"","",0,"",-Infinity,"","",2,11,23,0,0,0,0,0,0,0,0,0
69,69,or,or,or,4,-74.39,1.3862943611198906,92,139,2,12,24,2,12,24,9,46,92,6,30,61
69,"", ,"","",0,"",-Infinity,"","",2,12,24,0,0,0,0,0,0,0,0,0
70,70,conversations,conversations,conversations,1,-17.08,0.0,50,50,2,12,24,2,12,24,3,16,33,3,16,33
70,"", ,"","",0,"",-Infinity,"","",2,12,24,0,0,0,0,0,0,0,0,0
71,71,in,in,in,6,-86.29,1.791759469228055,142,144,2,12,24,2,12,24,9,48,96,9,47,94
71,"","
","","",0,"",-Infinity,"","",2,12,24,0,0,0,0,0,0,0,0,0
72,72,it,it,it,11,-211.44,2.3978952727983707,65,102,2,12,25,2,12,25,6,34,68,4,21,43
72,"",", '","","",0,"",-Infinity,"","",2,12,25,0,0,0,0,0,0,0,0,0
73,73,and,and,and,8,-143.51,2.0794415416798357,30,148,2,12,25,2,12,25,9,49,98,2,10,20
73,"", ,"","",0,"",-Infinity,"","",2,12,25,0,0,0,0,0,0,0,0,0
74,74,what,what,what,1,-13.57,0.0,16,51,2,12,25,2,12,25,3,17,34,1,5,10
74,"", ,"","",0,"",-Infinity,"","",2,12,25,0,0,0,0,0,0,0,0,0
75,75,is,is,is,1,-12.24,0.0,10,52,2,13,26,2,13,26,3,17,34,0,3,6
75,"", ,"","",0,"",-Infinity,"","",2,13,26,0,0,0,0,0,0,0,0,0
76,76,the,the,the,15,-264.07,2.70805020110221,70,103,2,13,26,2,13,26,6,34,68,4,23,46
76,"", ,"","",0,"",-Infinity,"","",2,13,26,0,0,0,0,0,0,0,0,0
77,77,use,use,use,1,-8.64,0.0,95,53,2,13,26,2,13,26,3,17,35,6,31,63
77,"", ,"","",0,"",-Infinity,"","",2,13,26,0,0,0,0,0,0,0,0,0
78,78,of,of,of,8,-132.92,2.0794415416798357,22,146,2,13,27,2,13,27,9,48,97,1,7,14
78,"", ,"","",0,"",-Infinity,"","",2,13,27,0,0,0,0,0,0,0,0,0
79,79,a,a,a,8,-131.86,2.0794415416798357,21,149,2,13,27,2,13,27,9,49,99,1,7,14
79,"", ,"","",0,"",-Infinity,"","",2,13,27,0,0,0,0,0,0,0,0,0
80,80,book,book,book,2,-20.75,0.6931471805599453,63,121,2,13,27,2,13,27,8,40,80,4,21,42
80,"",",' ","","",0,"",-Infinity,"","",2,13,27,0,0,0,0,0,0,0,0,0
81,81,thought,thought,thought,2,-20.02,0.6931471805599453,55,114,2,14,28,2,14,28,7,38,76,3,18,36
81,"", ,"","",0,"",-Infinity,"","",2,14,28,0,0,0,0,0,0,0,0,0
82,82,Alice,Alice,alice,6,-73.34,1.791759469228055,91,143,2,14,28,2,14,28,9,47,95,6,30,60
82,"", ',"","",0,"",-Infinity,"","",2,14,28,0,0,0,0,0,0,0,0,0
83,83,without,without,without,1,-8.64,0.0,106,56,2,14,29,2,14,29,3,18,37,7,35,70
83,"", ,"","",0,"",-Infinity,"","",2,14,29,0,0,0,0,0,0,0,0,0
84,84,pictures,pictures,pictures,2,-35.88,0.6931471805599453,78,118,2,14,29,2,14,29,7,39,78,5,26,52
84,"", ,"","",0,"",-Infinity,"","",2,14,29,0,0,0,0,0,0,0,0,0
85,85,or,or,or,4,-74.39,1.3862943611198906,92,139,2,14,29,2,14,29,9,46,92,6,30,61
85,"","
","","",0,"",-Infinity,"","",2,14,29,0,0,0,0,0,0,0,0,0
86,86,conversation,conversation,conversation,1,-8.64,0.0,108,57,3,15,30,3,15,30,3,19,38,7,36,72
86,"","?'

","","",0,"",-Infinity,"","",3,15,30,0,0,0,0,0,0,0,0,0
87,87,So,So,so,3,-45.5,1.0986122886681098,84,135,3,15,30,3,15,30,9,45,90,5,28,56
87,"", ,"","",0,"",-Infinity,"","",3,15,30,0,0,0,0,0,0,0,0,0
88,88,she,she,she,7,-119.53,1.9459101490553132,8,145,3,15,30,3,15,30,9,48,96,0,2,5
88,"", ,"","",0,"",-Infinity,"","",3,15,30,0,0,0,0,0,0,0,0,0
89,89,was,was,was,5,-77.34,1.6094379124341003,94,141,3,15,31,3,15,31,9,47,94,6,31,62
89,"", ,"","",0,"",-Infinity,"","",3,15,31,0,0,0,0,0,0,0,0,0
90,90,considering,considering,considering,1,-8.66,0.0,129,59,3,15,31,3,15,31,3,19,39,8,43,86
90,"", ,"","",0,"",-Infinity,"","",3,15,31,0,0,0,0,0,0,0,0,0
91,91,in,in,in,6,-86.29,1.791759469228055,142,144,3,15,31,3,15,31,9,48,96,9,47,94
91,"", ,"","",0,"",-Infinity,"","",3,15,31,0,0,0,0,0,0,0,0,0
92,92,her,her,her,8,-101.76,2.0794415416798357,5,147,3,16,32,3,16,32,9,49,98,0,1,3
92,"", ,"","",0,"",-Infinity,"","",3,16,32,0,0,0,0,0,0,0,0,0
93,93,own,own,own,1,-8.64,0.0,112,60,3,16,32,3,16,32,4,20,40,7,37,74
93,"", ,"","",0,"",-Infinity,"","",3,16,32,0,0,0,0,0,0,0,0,0
94,94,mind,mind,mind,2,-20.06,0.6931471805599453,60,112,3,16,32,3,16,32,7,37,74,4,20,40
94,"", (,"","",0,"",-Infinity,"","",3,16,32,0,0,0,0,0,0,0,0,0
95,95,as,as,as,2,-35.88,0.6931471805599453,80,111,3,16,33,3,16,33,7,37,74,5,26,53
95,"", ,"","",0,"",-Infinity,"","",3,16,33,0,0,0,0,0,0,0,0,0
96,96,well,well,well,1,-13.57,0.0,17,63,3,16,33,3,16,33,4,21,42,1,5,11
96,"", ,"","",0,"",-Infinity,"","",3,16,33,0,0,0,0,0,0,0,0,0
97,97,as,as,as,2,-35.88,0.6931471805599453,80,111,3,16,33,3,16,33,7,37,74,5,26,53
97,"", ,"","",0,"",-Infinity,"","",3,16,33,0,0,0,0,0,0,0,0,0
98,98,she,she,she,7,-119.53,1.9459101490553132,8,145,3,17,34,3,17,34,9,48,96,0,2,5
98,"", ,"","",0,"",-Infinity,"","",3,17,34,0,0,0,0,0,0,0,0,0
99,99,could,could,could,1,-8.64,0.0,123,64,3,17,34,3,17,34,4,21,42,8,41,82
99,"",", ","","",0,"",-Infinity,"","",3,17,34,0,0,0,0,0,0,0,0,0
100,100,for,for,for,2,-28.88,0.6931471805599453,72,110,3,17,34,3,17,34,7,36,73,4,24,48
100,"", ,"","",0,"",-Infinity,"","",3,17,34,0,0,0,0,0,0,0,0,0
101,101,the,the,the,15,-264.07,2.70805020110221,70,103,3,17,35,3,17,35,6,34,68,4,23,46
101,"","
","","",0,"",-Infinity,"","",3,17,35,0,0,0,0,0,0,0,0,0
102,102,hot,hot,hot,1,-10.83,0.0,4,66,3,17,35,3,17,35,4,22,44,0,1,2
102,"", ,"","",0,"",-Infinity,"","",3,17,35,0,0,0,0,0,0,0,0,0
103,103,day,day,day,1,-17.08,0.0,46,67,3,18,36,3,18,36,4,22,44,3,15,30
103,"", ,"","",0,"",-Infinity,"","",3,18,36,0,0,0,0,0,0,0,0,0
104,104,made,made,made,1,-8.64,0.0,118,68,3,18,36,3,18,36,4,22,45,7,39,78
104,"", ,"","",0,"",-Infinity,"","",3,18,36,0,0,0,0,0,0,0,0,0
105,105,her,her,her,8,-101.76,2.0794415416798357,5,147,3,18,36,3,18,36,9,49,98,0,1,3
105,"", ,"","",0,"",-Infinity,"","",3,18,36,0,0,0,0,0,0,0,0,0
106,106,feel,feel,feel,1,-8.64,0.0,116,69,3,18,37,3,18,37,4,23,46,7,38,77
106,"", ,"","",0,"",-Infinity,"","",3,18,37,0,0,0,0,0,0,0,0,0
107,107,very,very,very,4,-74.39,1.3862943611198906,93,140,3,18,37,3,18,37,9,46,93,6,31,62
107,"", ,"","",0,"",-Infinity,"","",3,18,37,0,0,0,0,0,0,0,0,0
108,108,sleepy,sleepy,sleepy,1,-17.08,0.0,43,70,3,18,37,3,18,37,4,23,46,2,14,28
108,"", ,"","",0,"",-Infinity,"","",3,18,37,0,0,0,0,0,0,0,0,0
109,109,and,and,and,8,-143.51,2.0794415416798357,30,148,3,19,38,3,19,38,9,49,98,2,10,20
109,"", ,"","",0,"",-Infinity,"","",3,19,38,0,0,0,0,0,0,0,0,0
110,110,stupid,stupid,stupid,1,-8.68,0.0,133,71,3,19,38,3,19,38,4,23,47,8,44,88
110,"","), ","","",0,"",-Infinity,"","",3,19,38,0,0,0,0,0,0,0,0,0
111,111,whether,whether,whether,1,-17.08,0.0,44,72,3,19,38,3,19,38,4,24,48,2,14,29
111,"", ,"","",0,"",-Infinity,"","",3,19,38,0,0,0,0,0,0,0,0,0
112,112,the,the,the,15,-264.07,2.70805020110221,70,103,3,19,39,3,19,39,6,34,68,4,23,46
112,"", ,"","",0,"",-Infinity,"","",3,19,39,0,0,0,0,0,0,0,0,0
113,113,pleasure,pleasure,pleasure,1,-12.96,0.0,11,73,3,19,39,3,19,39,4,24,48,0,3,7
113,"","
","","",0,"",-Infinity,"","",3,19,39,0,0,0,0,0,0,0,0,0
114,114,of,of,of,8,-132.92,2.0794415416798357,22,146,3,19,39,3,19,39,9,48,97,1,7,14
114,"", ,"","",0,"",-Infinity,"","",3,19,39,0,0,0,0,0,0,0,0,0
115,115,making,making,making,1,-8.66,0.0,128,74,4,20,40,4,20,40,4,24,49,8,42,85
115,"", ,"","",0,"",-Infinity,"","",4,20,40,0,0,0,0,0,0,0,0,0
116,116,a,a,a,8,-131.86,2.0794415416798357,21,149,4,20,40,4,20,40,9,49,99,1,7,14
116,"", ,"","",0,"",-Infinity,"","",4,20,40,0,0,0,0,0,0,0,0,0
117,117,daisy,daisy,daisy,1,-9.78,0.0,149,75,4,20,40,4,20,40,5,25,50,9,49,99
117,"",-,"","",0,"",-Infinity,"","",4,20,40,0,0,0,0,0,0,0,0,0
118,118,chain,chain,chain,1,-10.6,0.0,3,76,4,20,41,4,20,41,5,25,50,0,1,2
118,"", ,"","",0,"",-Infinity,"","",4,20,41,0,0,0,0,0,0,0,0,0
119,119,would,would,would,1,-8.64,0.0,125,77,4,20,41,4,20,41,5,25,51,8,41,83
119,"", ,"","",0,"",-Infinity,"","",4,20,41,0,0,0,0,0,0,0,0,0
120,120,be,be,be,2,-20.02,0.6931471805599453,56,109,4,20,41,4,20,41,7,36,72,3,18,37
120,"", ,"","",0,"",-Infinity,"","",4,20,41,0,0,0,0,0,0,0,0,0
121,121,worth,worth,worth,1,-8.64,0.0,124,79,4,21,42,4,21,42,5,26,52,8,41,82
121,"", ,"","",0,"",-Infinity,"","",4,21,42,0,0,0,0,0,0,0,0,0
122,122,the,the,the,15,-264.07,2.70805020110221,70,103,4,21,42,4,21,42,6,34,68,4,23,46
122,"", ,"","",0,"",-Infinity,"","",4,21,42,0,0,0,0,0,0,0,0,0
123,123,trouble,trouble,trouble,1,-8.89,0.0,140,80,4,21,43,4,21,43,5,26,53,9,46,93
123,"", ,"","",0,"",-Infinity,"","",4,21,43,0,0,0,0,0,0,0,0,0
124,124,of,of,of,8,-132.92,2.0794415416798357,22,146,4,21,43,4,21,43,9,48,97,1,7,14
124,"", ,"","",0,"",-Infinity,"","",4,21,43,0,0,0,0,0,0,0,0,0
125,125,getting,getting,getting,1,-14.11,0.0,25,81,4,21,43,4,21,43,5,27,54,1,8,16
125,"", ,"","",0,"",-Infinity,"","",4,21,43,0,0,0,0,0,0,0,0,0
126,126,up,up,up,1,-9.37,0.0,147,82,4,22,44,4,22,44,5,27,54,9,49,98
126,"", ,"","",0,"",-Infinity,"","",4,22,44,0,0,0,0,0,0,0,0,0
127,127,and,and,and,8,-143.51,2.0794415416798357,30,148,4,22,44,4,22,44,9,49,98,2,10,20
127,"","
","","",0,"",-Infinity,"","",4,22,44,0,0,0,0,0,0,0,0,0
128,128,picking,picking,picking,1,-11.81,0.0,6,83,4,22,44,4,22,44,5,27,55,0,2,4
128,"", ,"","",0,"",-Infinity,"","",4,22,44,0,0,0,0,0,0,0,0,0
129,129,the,the,the,15,-264.07,2.70805020110221,70,103,4,22,45,4,22,45,6,34,68,4,23,46
129,"", ,"","",0,"",-Infinity,"","",4,22,45,0,0,0,0,0,0,0,0,0
130,130,daisies,daisies,daisies,1,-9.86,0.0,150,84,4,22,45,4,22,45,5,28,56,10,50,100
130,"",", ","","",0,"",-Infinity,"","",4,22,45,0,0,0,0,0,0,0,0,0
131,131,when,when,when,3,-51.23,1.0986122886681098,88,134,4,22,45,4,22,45,8,44,89,5,29,58
131,"", ,"","",0,"",-Infinity,"","",4,22,45,0,0,0,0,0,0,0,0,0
132,132,suddenly,suddenly,suddenly,1,-17.08,0.0,38,86,4,23,46,4,23,46,5,28,57,2,12,25
132,"", ,"","",0,"",-Infinity,"","",4,23,46,0,0,0,0,0,0,0,0,0
133,133,a,a,a,8,-131.86,2.0794415416798357,21,149,4,23,46,4,23,46,9,49,99,1,7,14
133,"", ,"","",0,"",-Infinity,"","",4,23,46,0,0,0,0,0,0,0,0,0
134,134,White,White,white,1,-14.44,0.0,27,87,4,23,46,4,23,46,5,29,58,1,9,18
134,"", ,"","",0,"",-Infinity,"","",4,23,46,0,0,0,0,0,0,0,0,0
135,135,Rabbit,Rabbit,rabbit,6,-110.09,1.791759469228055,7,142,4,23,47,4,23,47,9,47,94,0,2,4
135,"", ,"","",0,"",-Infinity,"","",4,23,47,0,0,0,0,0,0,0,0,0
136,136,with,with,with,3,-46.65,1.0986122886681098,85,132,4,23,47,4,23,47,8,44,88,5,28,56
136,"", ,"","",0,"",-Infinity,"","",4,23,47,0,0,0,0,0,0,0,0,0
137,137,pink,pink,pink,1,-15.35,0.0,31,89,4,23,47,4,23,47,5,29,59,2,10,20
137,"", ,"","",0,"",-Infinity,"","",4,23,47,0,0,0,0,0,0,0,0,0
138,138,eyes,eyes,eyes,1,-17.08,0.0,51,90,4,24,48,4,24,48,6,30,60,3,17,34
138,"", ,"","",0,"",-Infinity,"","",4,24,48,0,0,0,0,0,0,0,0,0
139,139,ran,ran,ran,2,-20.02,0.6931471805599453,54,115,4,24,48,4,24,48,7,38,76,3,18,36
139,"","
","","",0,"",-Infinity,"","",4,24,48,0,0,0,0,0,0,0,0,0
140,140,close,close,close,1,-8.64,0.0,100,92,4,24,48,4,24,48,6,30,61,6,33,66
140,"", ,"","",0,"",-Infinity,"","",4,24,48,0,0,0,0,0,0,0,0,0
141,141,by,by,by,3,-49.98,1.0986122886681098,87,133,4,24,49,4,24,49,8,44,88,5,29,58
141,"", ,"","",0,"",-Infinity,"","",4,24,49,0,0,0,0,0,0,0,0,0
142,142,her,her,her,8,-101.76,2.0794415416798357,5,147,4,24,49,4,24,49,9,49,98,0,1,3
142,"",".

","","",0,"",-Infinity,"","",4,24,49,0,0,0,0,0,0,0,0,0
143,143,There,There,there,1,-13.57,0.0,15,93,5,25,50,5,25,50,6,31,62,1,5,10
143,"", ,"","",0,"",-Infinity,"","",5,25,50,0,0,0,0,0,0,0,0,0
144,144,was,was,was,5,-77.34,1.6094379124341003,94,141,5,25,50,5,25,50,9,47,94,6,31,62
144,"", ,"","",0,"",-Infinity,"","",5,25,50,0,0,0,0,0,0,0,0,0
145,145,nothing,nothing,nothing,2,-20.02,0.6931471805599453,58,128,5,25,50,5,25,50,8,42,85,3,19,38
145,"", ,"","",0,"",-Infinity,"","",5,25,50,0,0,0,0,0,0,0,0,0
146,146,so,so,so,3,-45.5,1.0986122886681098,84,135,5,25,51,5,25,51,9,45,90,5,28,56
146,"", ,"","",0,"",-Infinity,"","",5,25,51,0,0,0,0,0,0,0,0,0
147,147,VERY,VERY,very,4,-74.39,1.3862943611198906,93,140,5,25,51,5,25,51,9,46,93,6,31,62
147,"", ,"","",0,"",-Infinity,"","",5,25,51,0,0,0,0,0,0,0,0,0
148,148,remarkable,remarkable,remarkable,1,-8.64,0.0,101,94,5,25,51,5,25,51,6,31,62,6,33,67
148,"", ,"","",0,"",-Infinity,"","",5,25,51,0,0,0,0,0,0,0,0,0
149,149,in,in,in,6,-86.29,1.791759469228055,142,144,5,26,52,5,26,52,9,48,96,9,47,94
149,"", ,"","",0,"",-Infinity,"","",5,26,52,0,0,0,0,0,0,0,0,0
150,150,that,that,that,3,-46.65,1.0986122886681098,86,131,5,26,52,5,26,52,8,43,87,5,28,57
150,"",; ,"","",0,"",-Infinity,"","",5,26,52,0,0,0,0,0,0,0,0,0
151,151,nor,nor,nor,1,-13.35,0.0,14,96,5,26,52,5,26,52,6,32,64,0,4,9
151,"", ,"","",0,"",-Infinity,"","",5,26,52,0,0,0,0,0,0,0,0,0
152,152,did,did,did,1,-8.64,0.0,97,97,5,26,53,5,26,53,6,32,64,6,32,64
152,"", ,"","",0,"",-Infinity,"","",5,26,53,0,0,0,0,0,0,0,0,0
153,153,Alice,Alice,alice,6,-73.34,1.791759469228055,91,143,5,26,53,5,26,53,9,47,95,6,30,60
153,"", ,"","",0,"",-Infinity,"","",5,26,53,0,0,0,0,0,0,0,0,0
154,154,think,think,think,1,-8.64,0.0,98,98,5,26,53,5,26,53,6,32,65,6,32,65
154,"", ,"","",0,"",-Infinity,"","",5,26,53,0,0,0,0,0,0,0,0,0
155,155,it,it,it,11,-211.44,2.3978952727983707,65,102,5,27,54,5,27,54,6,34,68,4,21,43
155,"", ,"","",0,"",-Infinity,"","",5,27,54,0,0,0,0,0,0,0,0,0
156,156,so,so,so,3,-45.5,1.0986122886681098,84,135,5,27,54,5,27,54,9,45,90,5,28,56
156,"","
","","",0,"",-Infinity,"","",5,27,54,0,0,0,0,0,0,0,0,0
157,157,VERY,VERY,very,4,-74.39,1.3862943611198906,93,140,5,27,54,5,27,54,9,46,93,6,31,62
157,"", ,"","",0,"",-Infinity,"","",5,27,54,0,0,0,0,0,0,0,0,0
158,158,much,much,much,1,-13.82,0.0,18,99,5,27,55,5,27,55,6,33,66,1,6,12
158,"", ,"","",0,"",-Infinity,"","",5,27,55,0,0,0,0,0,0,0,0,0
159,159,out,out,out,3,-55.04,1.0986122886681098,90,129,5,27,55,5,27,55,8,43,86,6,30,60
159,"", ,"","",0,"",-Infinity,"","",5,27,55,0,0,0,0,0,0,0,0,0
160,160,of,of,of,8,-132.92,2.0794415416798357,22,146,5,27,55,5,27,55,9,48,97,1,7,14
160,"", ,"","",0,"",-Infinity,"","",5,27,55,0,0,0,0,0,0,0,0,0
161,161,the,the,the,15,-264.07,2.70805020110221,70,103,5,28,56,5,28,56,6,34,68,4,23,46
161,"", ,"","",0,"",-Infinity,"","",5,28,56,0,0,0,0,0,0,0,0,0
162,162,way,way,way,1,-17.08,0.0,48,61,5,28,56,5,28,56,4,20,40,3,16,32
162,"", ,"","",0,"",-Infinity,"","",5,28,56,0,0,0,0,0,0,0,0,0
163,163,to,to,to,9,-158.44,2.1972245773362196,32,150,5,28,56,5,28,56,10,50,100,2,10,21
163,"", ,"","",0,"",-Infinity,"","",5,28,56,0,0,0,0,0,0,0,0,0
164,164,hear,hear,hear,1,-8.64,0.0,102,100,5,28,57,5,28,57,6,33,66,6,34,68
164,"", ,"","",0,"",-Infinity,"","",5,28,57,0,0,0,0,0,0,0,0,0
165,165,the,the,the,15,-264.07,2.70805020110221,70,103,5,28,57,5,28,57,6,34,68,4,23,46
165,"", ,"","",0,"",-Infinity,"","",5,28,57,0,0,0,0,0,0,0,0,0
166,166,Rabbit,Rabbit,rabbit,6,-110.09,1.791759469228055,7,142,5,29,58,5,29,58,9,47,94,0,2,4
166,"", ,"","",0,"",-Infinity,"","",5,29,58,0,0,0,0,0,0,0,0,0
167,167,say,say,say,1,-8.64,0.0,103,95,5,29,58,5,29,58,6,31,63,6,34,68
167,"", ,"","",0,"",-Infinity,"","",5,29,58,0,0,0,0,0,0,0,0,0
168,168,to,to,to,9,-158.44,2.1972245773362196,32,150,5,29,58,5,29,58,10,50,100,2,10,21
168,"", ,"","",0,"",-Infinity,"","",5,29,58,0,0,0,0,0,0,0,0,0
169,169,itself,itself,itself,1,-8.64,0.0,104,91,5,29,59,5,29,59,6,30,60,6,34,69
169,"",", '","","",0,"",-Infinity,"","",5,29,59,0,0,0,0,0,0,0,0,0
170,170,Oh,Oh,oh,2,-35.88,0.6931471805599453,79,105,5,29,59,5,29,59,7,35,70,5,26,52
170,"", ,"","",0,"",-Infinity,"","",5,29,59,0,0,0,0,0,0,0,0,0
171,171,dear,dear,dear,2,-28.88,0.6931471805599453,74,106,5,29,59,5,29,59,7,35,70,4,24,49
171,"","!
","","",0,"",-Infinity,"","",5,29,59,0,0,0,0,0,0,0,0,0
172,172,Oh,Oh,oh,2,-35.88,0.6931471805599453,79,105,6,30,60,6,30,60,7,35,70,5,26,52
172,"", ,"","",0,"",-Infinity,"","",6,30,60,0,0,0,0,0,0,0,0,0
173,173,dear,dear,dear,2,-28.88,0.6931471805599453,74,106,6,30,60,6,30,60,7,35,70,4,24,49
173,"",! ,"","",0,"",-Infinity,"","",6,30,60,0,0,0,0,0,0,0,0,0
174,174,I,I,i,2,-28.88,0.6931471805599453,73,116,6,30,60,6,30,60,7,38,77,4,24,48
174,"", ,"","",0,"",-Infinity,"","",6,30,60,0,0,0,0,0,0,0,0,0
175,175,shall,shall,shall,1,-8.64,0.0,107,88,6,30,61,6,30,61,5,29,58,7,35,71
175,"", ,"","",0,"",-Infinity,"","",6,30,61,0,0,0,0,0,0,0,0,0
176,176,be,be,be,2,-20.02,0.6931471805599453,56,109,6,30,61,6,30,61,7,36,72,3,18,37
176,"", ,"","",0,"",-Infinity,"","",6,30,61,0,0,0,0,0,0,0,0,0
177,177,late,late,late,1,-14.84,0.0,29,85,6,30,61,6,30,61,5,28,56,1,9,19
177,"",!' (,"","",0,"",-Infinity,"","",6,30,61,0,0,0,0,0,0,0,0,0
178,178,when,when,when,3,-51.23,1.0986122886681098,88,134,6,31,62,6,31,62,8,44,89,5,29,58
178,"", ,"","",0,"",-Infinity,"","",6,31,62,0,0,0,0,0,0,0,0,0
179,179,she,she,she,7,-119.53,1.9459101490553132,8,145,6,31,62,6,31,62,9,48,96,0,2,5
179,"", ,"","",0,"",-Infinity,"","",6,31,62,0,0,0,0,0,0,0,0,0
180,180,thought,thought,thought,2,-20.02,0.6931471805599453,55,114,6,31,62,6,31,62,7,38,76,3,18,36
180,"", ,"","",0,"",-Infinity,"","",6,31,62,0,0,0,0,0,0,0,0,0
181,181,it,it,it,11,-211.44,2.3978952727983707,65,102,6,31,63,6,31,63,6,34,68,4,21,43
181,"", ,"","",0,"",-Infinity,"","",6,31,63,0,0,0,0,0,0,0,0,0
182,182,over,over,over,1,-17.08,0.0,53,78,6,31,63,6,31,63,5,26,52,3,17,35
182,"", ,"","",0,"",-Infinity,"","",6,31,63,0,0,0,0,0,0,0,0,0
183,183,afterwards,afterwards,afterwards,1,-8.64,0.0,110,65,6,31,63,6,31,63,4,21,43,7,36,73
183,"",", ","","",0,"",-Infinity,"","",6,31,63,0,0,0,0,0,0,0,0,0
184,184,it,it,it,11,-211.44,2.3978952727983707,65,102,6,32,64,6,32,64,6,34,68,4,21,43
184,"","
","","",0,"",-Infinity,"","",6,32,64,0,0,0,0,0,0,0,0,0
185,185,occurred,occurred,occurred,1,-8.64,0.0,126,62,6,32,64,6,32,64,4,20,41,8,42,84
185,"", ,"","",0,"",-Infinity,"","",6,32,64,0,0,0,0,0,0,0,0,0
186,186,to,to,to,9,-158.44,2.1972245773362196,32,150,6,32,65,6,32,65,10,50,100,2,10,21
186,"", ,"","",0,"",-Infinity,"","",6,32,65,0,0,0,0,0,0,0,0,0
187,187,her,her,her,8,-101.76,2.0794415416798357,5,147,6,32,65,6,32,65,9,49,98,0,1,3
187,"", ,"","",0,"",-Infinity,"","",6,32,65,0,0,0,0,0,0,0,0,0
188,188,that,that,that,3,-46.65,1.0986122886681098,86,131,6,32,65,6,32,65,8,43,87,5,28,57
188,"", ,"","",0,"",-Infinity,"","",6,32,65,0,0,0,0,0,0,0,0,0
189,189,she,she,she,7,-119.53,1.9459101490553132,8,145,6,33,66,6,33,66,9,48,96,0,2,5
189,"", ,"","",0,"",-Infinity,"","",6,33,66,0,0,0,0,0,0,0,0,0
190,190,ought,ought,ought,1,-8.64,0.0,127,101,6,33,66,6,33,66,6,33,67,8,42,84
190,"", ,"","",0,"",-Infinity,"","",6,33,66,0,0,0,0,0,0,0,0,0
191,191,to,to,to,9,-158.44,2.1972245773362196,32,150,6,33,66,6,33,66,10,50,100,2,10,21
191,"", ,"","",0,"",-Infinity,"","",6,33,66,0,0,0,0,0,0,0,0,0
192,192,have,have,have,1,-8.64,0.0,113,58,6,33,67,6,33,67,3,19,38,7,37,75
192,"", ,"","",0,"",-Infinity,"","",6,33,67,0,0,0,0,0,0,0,0,0
193,193,wondered,wondered,wondered,1,-8.68,0.0,132,55,6,33,67,6,33,67,3,18,36,8,44,88
193,"", ,"","",0,"",-Infinity,"","",6,33,67,0,0,0,0,0,0,0,0,0
194,194,at,at,at,3,-52.81,1.0986122886681098,89,136,6,33,67,6,33,67,9,45,90,5,29,59
194,"", ,"","",0,"",-Infinity,"","",6,33,67,0,0,0,0,0,0,0,0,0
195,195,this,this,this,1,-13.82,0.0,19,54,6,34,68,6,34,68,3,18,36,1,6,12
195,"",", ","","",0,"",-Infinity,"","",6,34,68,0,0,0,0,0,0,0,0,0
196,196,but,but,but,3,-39.25,1.0986122886681098,82,138,6,34,68,6,34,68,9,46,92,5,27,54
196,"", ,"","",0,"",-Infinity,"","",6,34,68,0,0,0,0,0,0,0,0,0
197,197,at,at,at,3,-52.81,1.0986122886681098,89,136,6,34,68,6,34,68,9,45,90,5,29,59
197,"", ,"","",0,"",-Infinity,"","",6,34,68,0,0,0,0,0,0,0,0,0
198,198,the,the,the,15,-264.07,2.70805020110221,70,103,6,34,69,6,34,69,6,34,68,4,23,46
198,"", ,"","",0,"",-Infinity,"","",6,34,69,0,0,0,0,0,0,0,0,0
199,199,time,time,time,2,-20.02,0.6931471805599453,57,117,6,34,69,6,34,69,7,39,78,3,19,38
199,"","
","","",0,"",-Infinity,"","",6,34,69,0,0,0,0,0,0,0,0,0
200,200,it,it,it,11,-211.44,2.3978952727983707,65,102,6,34,69,6,34,69,6,34,68,4,21,43
200,"", ,"","",0,"",-Infinity,"","",6,34,69,0,0,0,0,0,0,0,0,0
201,201,all,all,all,1,-14.11,0.0,23,49,7,35,70,7,35,70,3,16,32,1,7,15
201,"", ,"","",0,"",-Infinity,"","",7,35,70,0,0,0,0,0,0,0,0,0
202,202,seemed,seemed,seemed,1,-8.64,0.0,119,47,7,35,70,7,35,70,3,15,31,7,39,79
202,"", ,"","",0,"",-Infinity,"","",7,35,70,0,0,0,0,0,0,0,0,0
203,203,quite,quite,quite,1,-17.08,0.0,37,46,7,35,70,7,35,70,3,15,30,2,12,24
203,"", ,"","",0,"",-Infinity,"","",7,35,70,0,0,0,0,0,0,0,0,0
204,204,natural,natural,natural,1,-10.05,0.0,0,44,7,35,71,7,35,71,2,14,29,0,0,0
204,"",); ,"","",0,"",-Infinity,"","",7,35,71,0,0,0,0,0,0,0,0,0
205,205,but,but,but,3,-39.25,1.0986122886681098,82,138,7,35,71,7,35,71,9,46,92,5,27,54
205,"", ,"","",0,"",-Infinity,"","",7,35,71,0,0,0,0,0,0,0,0,0
206,206,when,when,when,3,-51.23,1.0986122886681098,88,134,7,36,72,7,36,72,8,44,89,5,29,58
206,"", ,"","",0,"",-Infinity,"","",7,36,72,0,0,0,0,0,0,0,0,0
207,207,the,the,the,15,-264.07,2.70805020110221,70,103,7,36,72,7,36,72,6,34,68,4,23,46
207,"", ,"","",0,"",-Infinity,"","",7,36,72,0,0,0,0,0,0,0,0,0
208,208,Rabbit,Rabbit,rabbit,6,-110.09,1.791759469228055,7,142,7,36,72,7,36,72,9,47,94,0,2,4
208,"", ,"","",0,"",-Infinity,"","",7,36,72,0,0,0,0,0,0,0,0,0
209,209,actually,actually,actually,1,-8.64,0.0,122,41,7,36,73,7,36,73,2,13,27,8,40,81
209,"", ,"","",0,"",-Infinity,"","",7,36,73,0,0,0,0,0,0,0,0,0
210,210,TOOK,TOOK,took,1,-16.03,0.0,34,40,7,36,73,7,36,73,2,13,26,2,11,22
210,"", ,"","",0,"",-Infinity,"","",7,36,73,0,0,0,0,0,0,0,0,0
211,211,A,A,a,8,-131.86,2.0794415416798357,21,149,7,36,73,7,36,73,9,49,99,1,7,14
211,"", ,"","",0,"",-Infinity,"","",7,36,73,0,0,0,0,0,0,0,0,0
212,212,WATCH,WATCH,watch,2,-20.02,0.6931471805599453,59,124,7,37,74,7,37,74,8,41,82,3,19,39
212,"","
","","",0,"",-Infinity,"","",7,37,74,0,0,0,0,0,0,0,0,0
213,213,OUT,OUT,out,3,-55.04,1.0986122886681098,90,129,7,37,74,7,37,74,8,43,86,6,30,60
213,"", ,"","",0,"",-Infinity,"","",7,37,74,0,0,0,0,0,0,0,0,0
214,214,OF,OF,of,8,-132.92,2.0794415416798357,22,146,7,37,74,7,37,74,9,48,97,1,7,14
214,"", ,"","",0,"",-Infinity,"","",7,37,74,0,0,0,0,0,0,0,0,0
215,215,ITS,ITS,its,1,-12.96,0.0,12,38,7,37,75,7,37,75,2,12,25,0,4,8
215,"", ,"","",0,"",-Infinity,"","",7,37,75,0,0,0,0,0,0,0,0,0
216,216,WAISTCOAT,WAISTCOAT,waistcoat,2,-21.66,0.6931471805599453,64,104,7,37,75,7,37,75,6,34,69,4,21,42
216,"",-,"","",0,"",-Infinity,"","",7,37,75,0,0,0,0,0,0,0,0,0
217,217,POCKET,POCKET,pocket,2,-26.91,0.6931471805599453,69,127,7,37,75,7,37,75,8,42,84,4,23,46
217,"",", ","","",0,"",-Infinity,"","",7,37,75,0,0,0,0,0,0,0,0,0
218,218,and,and,and,8,-143.51,2.0794415416798357,30,148,7,38,76,7,38,76,9,49,98,2,10,20
218,"", ,"","",0,"",-Infinity,"","",7,38,76,0,0,0,0,0,0,0,0,0
219,219,looked,looked,looked,1,-8.64,0.0,114,35,7,38,76,7,38,76,2,11,23,7,38,76
219,"", ,"","",0,"",-Infinity,"","",7,38,76,0,0,0,0,0,0,0,0,0
220,220,at,at,at,3,-52.81,1.0986122886681098,89,136,7,38,76,7,38,76,9,45,90,5,29,59
220,"", ,"","",0,"",-Infinity,"","",7,38,76,0,0,0,0,0,0,0,0,0
221,221,it,it,it,11,-211.44,2.3978952727983707,65,102,7,38,77,7,38,77,6,34,68,4,21,43
221,"",", ","","",0,"",-Infinity,"","",7,38,77,0,0,0,0,0,0,0,0,0
222,222,and,and,and,8,-143.51,2.0794415416798357,30,148,7,38,77,7,38,77,9,49,98,2,10,20
222,"", ,"","",0,"",-Infinity,"","",7,38,77,0,0,0,0,0,0,0,0,0
223,223,then,then,then,1,-8.64,0.0,120,33,7,38,77,7,38,77,2,11,22,8,40,80
223,"", ,"","",0,"",-Infinity,"","",7,38,77,0,0,0,0,0,0,0,0,0
224,224,hurried,hurried,hurried,1,-9.21,0.0,144,31,7,39,78,7,39,78,2,10,20,9,48,96
224,"", ,"","",0,"",-Infinity,"","",7,39,78,0,0,0,0,0,0,0,0,0
225,225,on,on,on,2,-28.88,0.6931471805599453,75,126,7,39,78,7,39,78,8,42,84,5,25,50
225,"",",
","","",0,"",-Infinity,"","",7,39,78,0,0,0,0,0,0,0,0,0
226,226,Alice,Alice,alice,6,-73.34,1.791759469228055,91,143,7,39,79,7,39,79,9,47,95,6,30,60
226,"", ,"","",0,"",-Infinity,"","",7,39,79,0,0,0,0,0,0,0,0,0
227,227,started,started,started,1,-8.64,0.0,121,30,7,39,79,7,39,79,2,10,20,8,40,80
227,"", ,"","",0,"",-Infinity,"","",7,39,79,0,0,0,0,0,0,0,0,0
228,228,to,to,to,9,-158.44,2.1972245773362196,32,150,7,39,79,7,39,79,10,50,100,2,10,21
228,"", ,"","",0,"",-Infinity,"","",7,39,79,0,0,0,0,0,0,0,0,0
229,229,her,her,her,8,-101.76,2.0794415416798357,5,147,8,40,80,8,40,80,9,49,98,0,1,3
229,"", ,"","",0,"",-Infinity,"","",8,40,80,0,0,0,0,0,0,0,0,0
230,230,feet,feet,feet,1,-8.66,0.0,131,29,8,40,80,8,40,80,1,9,19,8,43,87
230,"",", ","","",0,"",-Infinity,"","",8,40,80,0,0,0,0,0,0,0,0,0
231,231,for,for,for,2,-28.88,0.6931471805599453,72,110,8,40,80,8,40,80,7,36,73,4,24,48
231,"", ,"","",0,"",-Infinity,"","",8,40,80,0,0,0,0,0,0,0,0,0
232,232,it,it,it,11,-211.44,2.3978952727983707,65,102,8,40,81,8,40,81,6,34,68,4,21,43
232,"", ,"","",0,"",-Infinity,"","",8,40,81,0,0,0,0,0,0,0,0,0
233,233,flashed,flashed,flashed,1,-17.08,0.0,47,27,8,40,81,8,40,81,1,9,18,3,15,31
233,"", ,"","",0,"",-Infinity,"","",8,40,81,0,0,0,0,0,0,0,0,0
234,234,across,across,across,2,-35.88,0.6931471805599453,81,123,8,40,81,8,40,81,8,41,82,5,27,54
234,"", ,"","",0,"",-Infinity,"","",8,40,81,0,0,0,0,0,0,0,0,0
235,235,her,her,her,8,-101.76,2.0794415416798357,5,147,8,41,82,8,41,82,9,49,98,0,1,3
235,"", ,"","",0,"",-Infinity,"","",8,41,82,0,0,0,0,0,0,0,0,0
236,236,mind,mind,mind,2,-20.06,0.6931471805599453,60,112,8,41,82,8,41,82,7,37,74,4,20,40
236,"", ,"","",0,"",-Infinity,"","",8,41,82,0,0,0,0,0,0,0,0,0
237,237,that,that,that,3,-46.65,1.0986122886681098,86,131,8,41,82,8,41,82,8,43,87,5,28,57
237,"", ,"","",0,"",-Infinity,"","",8,41,82,0,0,0,0,0,0,0,0,0
238,238,she,she,she,7,-119.53,1.9459101490553132,8,145,8,41,83,8,41,83,9,48,96,0,2,5
238,"", ,"","",0,"",-Infinity,"","",8,41,83,0,0,0,0,0,0,0,0,0
239,239,had,had,had,3,-32.42,1.0986122886681098,76,137,8,41,83,8,41,83,9,45,91,5,25,50
239,"","
","","",0,"",-Infinity,"","",8,41,83,0,0,0,0,0,0,0,0,0
240,240,never,never,never,1,-16.03,0.0,33,25,8,41,83,8,41,83,1,8,16,2,11,22
240,"", ,"","",0,"",-Infinity,"","",8,41,83,0,0,0,0,0,0,0,0,0
241,241,before,before,before,1,-8.64,0.0,111,23,8,42,84,8,42,84,1,7,15,7,37,74
241,"", ,"","",0,"",-Infinity,"","",8,42,84,0,0,0,0,0,0,0,0,0
242,242,seen,seen,seen,1,-17.08,0.0,41,21,8,42,84,8,42,84,1,7,14,2,13,27
242,"", ,"","",0,"",-Infinity,"","",8,42,84,0,0,0,0,0,0,0,0,0
243,243,a,a,a,8,-131.86,2.0794415416798357,21,149,8,42,84,8,42,84,9,49,99,1,7,14
243,"", ,"","",0,"",-Infinity,"","",8,42,84,0,0,0,0,0,0,0,0,0
244,244,rabbit,rabbit,rabbit,6,-110.09,1.791759469228055,7,142,8,42,85,8,42,85,9,47,94,0,2,4
244,"", ,"","",0,"",-Infinity,"","",8,42,85,0,0,0,0,0,0,0,0,0
245,245,with,with,with,3,-46.65,1.0986122886681098,85,132,8,42,85,8,42,85,8,44,88,5,28,56
245,"", ,"","",0,"",-Infinity,"","",8,42,85,0,0,0,0,0,0,0,0,0
246,246,either,either,either,1,-17.08,0.0,45,20,8,43,86,8,43,86,1,6,13,3,15,30
246,"", ,"","",0,"",-Infinity,"","",8,43,86,0,0,0,0,0,0,0,0,0
247,247,a,a,a,8,-131.86,2.0794415416798357,21,149,8,43,86,8,43,86,9,49,99,1,7,14
247,"", ,"","",0,"",-Infinity,"","",8,43,86,0,0,0,0,0,0,0,0,0
248,248,waistcoat,waistcoat,waistcoat,2,-21.66,0.6931471805599453,64,104,8,43,86,8,43,86,6,34,69,4,21,42
248,"",-,"","",0,"",-Infinity,"","",8,43,86,0,0,0,0,0,0,0,0,0
249,249,pocket,pocket,pocket,2,-26.91,0.6931471805599453,69,127,8,43,87,8,43,87,8,42,84,4,23,46
249,"",", ","","",0,"",-Infinity,"","",8,43,87,0,0,0,0,0,0,0,0,0
250,250,or,or,or,4,-74.39,1.3862943611198906,92,139,8,43,87,8,43,87,9,46,92,6,30,61
250,"", ,"","",0,"",-Infinity,"","",8,43,87,0,0,0,0,0,0,0,0,0
251,251,a,a,a,8,-131.86,2.0794415416798357,21,149,8,43,87,8,43,87,9,49,99,1,7,14
251,"", ,"","",0,"",-Infinity,"","",8,43,87,0,0,0,0,0,0,0,0,0
252,252,watch,watch,watch,2,-20.02,0.6931471805599453,59,124,8,44,88,8,44,88,8,41,82,3,19,39
252,"","
","","",0,"",-Infinity,"","",8,44,88,0,0,0,0,0,0,0,0,0
253,253,to,to,to,9,-158.44,2.1972245773362196,32,150,8,44,88,8,44,88,10,50,100,2,10,21
253,"", ,"","",0,"",-Infinity,"","",8,44,88,0,0,0,0,0,0,0,0,0
254,254,take,take,take,1,-8.64,0.0,109,19,8,44,88,8,44,88,1,6,12,7,36,72
254,"", ,"","",0,"",-Infinity,"","",8,44,88,0,0,0,0,0,0,0,0,0
255,255,out,out,out,3,-55.04,1.0986122886681098,90,129,8,44,89,8,44,89,8,43,86,6,30,60
255,"", ,"","",0,"",-Infinity,"","",8,44,89,0,0,0,0,0,0,0,0,0
256,256,of,of,of,8,-132.92,2.0794415416798357,22,146,8,44,89,8,44,89,9,48,97,1,7,14
256,"", ,"","",0,"",-Infinity,"","",8,44,89,0,0,0,0,0,0,0,0,0
257,257,it,it,it,11,-211.44,2.3978952727983707,65,102,8,44,89,8,44,89,6,34,68,4,21,43
257,"",", ","","",0,"",-Infinity,"","",8,44,89,0,0,0,0,0,0,0,0,0
258,258,and,and,and,8,-143.51,2.0794415416798357,30,148,9,45,90,9,45,90,9,49,98,2,10,20
258,"", ,"","",0,"",-Infinity,"","",9,45,90,0,0,0,0,0,0,0,0,0
259,259,burning,burning,burning,1,-9.29,0.0,145,18,9,45,90,9,45,90,1,6,12,9,48,96
259,"", ,"","",0,"",-Infinity,"","",9,45,90,0,0,0,0,0,0,0,0,0
260,260,with,with,with,3,-46.65,1.0986122886681098,85,132,9,45,90,9,45,90,8,44,88,5,28,56
260,"", ,"","",0,"",-Infinity,"","",9,45,90,0,0,0,0,0,0,0,0,0
261,261,curiosity,curiosity,curiosity,1,-8.8,0.0,138,17,9,45,91,9,45,91,1,5,11,9,46,92
261,"",", ","","",0,"",-Infinity,"","",9,45,91,0,0,0,0,0,0,0,0,0
262,262,she,she,she,7,-119.53,1.9459101490553132,8,145,9,45,91,9,45,91,9,48,96,0,2,5
262,"", ,"","",0,"",-Infinity,"","",9,45,91,0,0,0,0,0,0,0,0,0
263,263,ran,ran,ran,2,-20.02,0.6931471805599453,54,115,9,45,91,9,45,91,7,38,76,3,18,36
263,"", ,"","",0,"",-Infinity,"","",9,45,91,0,0,0,0,0,0,0,0,0
264,264,across,across,across,2,-35.88,0.6931471805599453,81,123,9,46,92,9,46,92,8,41,82,5,27,54
264,"", ,"","",0,"",-Infinity,"","",9,46,92,0,0,0,0,0,0,0,0,0
265,265,the,the,the,15,-264.07,2.70805020110221,70,103,9,46,92,9,46,92,6,34,68,4,23,46
265,"", ,"","",0,"",-Infinity,"","",9,46,92,0,0,0,0,0,0,0,0,0
266,266,field,field,field,1,-9.13,0.0,143,10,9,46,93,9,46,93,0,3,6,9,47,95
266,"","
","","",0,"",-Infinity,"","",9,46,93,0,0,0,0,0,0,0,0,0
267,267,after,after,after,1,-14.44,0.0,28,9,9,46,93,9,46,93,0,3,6,1,9,18
267,"", ,"","",0,"",-Infinity,"","",9,46,93,0,0,0,0,0,0,0,0,0
268,268,it,it,it,11,-211.44,2.3978952727983707,65,102,9,46,93,9,46,93,6,34,68,4,21,43
268,"",", ","","",0,"",-Infinity,"","",9,46,93,0,0,0,0,0,0,0,0,0
269,269,and,and,and,8,-143.51,2.0794415416798357,30,148,9,47,94,9,47,94,9,49,98,2,10,20
269,"", ,"","",0,"",-Infinity,"","",9,47,94,0,0,0,0,0,0,0,0,0
270,270,fortunately,fortunately,fortunately,1,-8.64,0.0,105,8,9,47,94,9,47,94,0,2,5,7,35,70
270,"", ,"","",0,"",-Infinity,"","",9,47,94,0,0,0,0,0,0,0,0,0
271,271,was,was,was,5,-77.34,1.6094379124341003,94,141,9,47,94,9,47,94,9,47,94,6,31,62
271,"", ,"","",0,"",-Infinity,"","",9,47,94,0,0,0,0,0,0,0,0,0
272,272,just,just,just,1,-14.11,0.0,24,7,9,47,95,9,47,95,0,2,4,1,8,16
272,"", ,"","",0,"",-Infinity,"","",9,47,95,0,0,0,0,0,0,0,0,0
273,273,in,in,in,6,-86.29,1.791759469228055,142,144,9,47,95,9,47,95,9,48,96,9,47,94
273,"", ,"","",0,"",-Infinity,"","",9,47,95,0,0,0,0,0,0,0,0,0
274,274,time,time,time,2,-20.02,0.6931471805599453,57,117,9,47,95,9,47,95,7,39,78,3,19,38
274,"", ,"","",0,"",-Infinity,"","",9,47,95,0,0,0,0,0,0,0,0,0
275,275,to,to,to,9,-158.44,2.1972245773362196,32,150,9,48,96,9,48,96,10,50,100,2,10,21
275,"", ,"","",0,"",-Infinity,"","",9,48,96,0,0,0,0,0,0,0,0,0
276,276,see,see,see,1,-8.64,0.0,117,6,9,48,96,9,48,96,0,2,4,7,39,78
276,"", ,"","",0,"",-Infinity,"","",9,48,96,0,0,0,0,0,0,0,0,0
277,277,it,it,it,11,-211.44,2.3978952727983707,65,102,9,48,96,9,48,96,6,34,68,4,21,43
277,"", ,"","",0,"",-Infinity,"","",9,48,96,0,0,0,0,0,0,0,0,0
278,278,pop,pop,pop,1,-8.76,0.0,137,5,9,48,97,9,48,97,0,1,3,9,45,91
278,"", ,"","",0,"",-Infinity,"","",9,48,97,0,0,0,0,0,0,0,0,0
279,279,down,down,down,2,-23.34,0.6931471805599453,68,120,9,48,97,9,48,97,8,40,80,4,22,45
279,"", ,"","",0,"",-Infinity,"","",9,48,97,0,0,0,0,0,0,0,0,0
280,280,a,a,a,8,-131.86,2.0794415416798357,21,149,9,48,97,9,48,97,9,49,99,1,7,14
280,"", ,"","",0,"",-Infinity,"","",9,48,97,0,0,0,0,0,0,0,0,0
281,281,large,large,large,1,-17.08,0.0,40,4,9,49,98,9,49,98,0,1,2,2,13,26
281,"","
","","",0,"",-Infinity,"","",9,49,98,0,0,0,0,0,0,0,0,0
282,282,rabbit,rabbit,rabbit,6,-110.09,1.791759469228055,7,142,9,49,98,9,49,98,9,47,94,0,2,4
282,"",-,"","",0,"",-Infinity,"","",9,49,98,0,0,0,0,0,0,0,0,0
283,283,hole,hole,hole,2,-27.64,0.6931471805599453,71,122,9,49,98,9,49,98,8,40,81,4,23,47
283,"", ,"","",0,"",-Infinity,"","",9,49,98,0,0,0,0,0,0,0,0,0
284,284,under,under,under,1,-13.82,0.0,20,3,9,49,99,9,49,99,0,1,2,1,6,13
284,"", ,"","",0,"",-Infinity,"","",9,49,99,0,0,0,0,0,0,0,0,0
285,285,the,the,the,15,-264.07,2.70805020110221,70,103,9,49,99,9,49,99,6,34,68,4,23,46
285,"", ,"","",0,"",-Infinity,"","",9,49,99,0,0,0,0,0,0,0,0,0
286,286,hedge,hedge,hedge,1,-10.31,0.0,1,2,10,50,100,10,50,100,0,0,1,0,0,0
286,"",".

","","",0,"",-Infinity,"","",10,50,100,0,0,0,0,0,0,0,0,0
